SpreadPnLPM,MinSpread,MaxSpread,Count,TotalVolume
-0.6244040091924381,-4.322623313472935,3.0099816303339284,87,182507.9
6.772034599368555,3.138661585000856,10.42181633541931,584,35333.1
14.16847320792955,10.470259048639026,17.62216476739555,507,1293.66
21.564911816490543,17.9763739084945,25.21479686843762,408,18000.0
28.961350425051535,25.29342592793711,32.642857464156656,822,4675.219999999999
