LP,NumberOfParticipations,NumberOfWins,ActualWinRatio,ExpectedWinRatio,VolumeParticipated,VolumeWon,ExpectedWinVolume,ActualVolumeWinRatio,ExpectedVolumeWinRatio,AverageRFQPanelSize,WinPerformanceScore,VolumePerformanceScore
LP_1,879,257,29.23777019340159,16.77989056828646,145471973016.99823,42956055547.24516,24444831213.00673,29.52875021652851,16.803808119210963,6.2992036405005685,12.45787962511513,12.724942097317548
LP_2,869,216,24.856156501726122,16.772425886349936,143061481376.32437,35322837279.92644,24068299367.809696,24.690669312314355,16.823745382936334,6.304948216340621,8.083730615376187,7.8669239293780215
LP_3,835,195,23.353293413173652,16.41431422868551,137390066547.88971,31486792956.665928,22549656458.75584,22.917808941951893,16.41287250624903,6.411976047904192,6.938979184488144,6.504936435702863
LP_4,836,139,16.626794258373206,16.596035543403985,139453272244.50064,24244865250.57051,23246355897.718792,17.385655324073337,16.669638168806408,6.3624401913875595,0.030758714969220335,0.716017155266929
LP_5,816,109,13.357843137254902,16.496556956115814,135041048721.19164,17412501832.733765,22359496293.77342,12.894228827179766,16.55755528079263,6.392156862745098,-3.1387138188609125,-3.6633264536128642
