LP,NumberOfParticipations,NumberOfWins,ActualWinRatio,ExpectedWinRatio,VolumeParticipated,VolumeWon,ExpectedWinVolume,ActualVolumeWinRatio,ExpectedVolumeWinRatio,AverageRFQPanelSize,WinPerformanceScore,VolumePerformanceScore
LP_2,202,72,35.64356435643564,16.55704856199906,3297413402.4300165,1180615581.6982486,547217002.0829012,35.804293778517376,16.59534111433015,6.371287128712871,19.08651579443658,19.208952664187226
LP_3,204,42,20.588235294117645,16.64799253034547,3338946031.5470433,672312509.6506886,555883851.8871796,20.135470992898444,16.6484826839091,6.348039215686274,3.9402427637721757,3.4869883089893428
LP_1,198,40,20.2020202020202,16.617364117364115,3243149399.7550817,673688810.1792641,540493893.5499418,20.772672706047405,16.66571060805152,6.363636363636363,3.5846560846560855,4.106962097995886
LP_5,208,35,16.826923076923077,16.536172161172168,3386742317.404778,581933836.1994523,559793686.2152694,17.182701890511158,16.528971907264353,6.365384615384615,0.29075091575090894,0.6537299832468051
LP_4,190,34,17.894736842105264,16.53508771929824,3109610964.1756763,548257796.7063609,514895991.0490789,17.631073565876047,16.558212489631227,6.394736842105263,1.3596491228070242,1.0728610762448199
LP_6,193,15,7.772020725388601,16.52479644707623,3140060867.4200993,251792785.22233367,519841444.07121724,8.018723071097943,16.555139088699367,6.393782383419689,-8.75277572168763,-8.536416017601423
LP_7,194,12,6.185567010309279,16.489936180657825,3196643846.3700356,196813882.951587,528913693.79981047,6.1568911774478705,16.54590624477672,6.396907216494846,-10.304369170348547,-10.389015067328849
LP_8,194,12,6.185567010309279,16.49239077074128,3171840272.7826405,185006425.68804958,523382065.640588,5.832778758614611,16.50089602971802,6.407216494845361,-10.306823760432003,-10.668117271103409
