LP,NumberOfParticipations,NumberOfWins,ExpectedWins,ActualWinRatio,ExpectedWinRatio,VolumeParticipated,VolumeWon,ExpectedWinVolume,ActualVolumeWinRatio,ExpectedVolumeWinRatio,AverageRFQPanelSize,WinPerformanceScore,VolumePerformanceScore
LP_1,2394,676,402.24047619047934,28.23725981620718,16.802024903528796,221561315467.20865,64242041678.820404,37225868125.65098,28.995152670651258,16.801609995477957,6.295321637426901,11.435234912678386,12.193542675173301
LP_2,2340,612,390.4404761904786,26.153846153846157,16.68549043549054,216364015984.0129,54785472363.28284,36256768550.470406,25.320972211631958,16.75730060083069,6.32991452991453,9.468355718355618,8.563671610801268
LP_3,2305,509,383.5333333333361,22.0824295010846,16.639190166305255,209850097161.57028,47153406309.494446,34643879547.43493,22.47004263866961,16.50886991048734,6.347505422993493,5.443239334779346,5.9611727281822695
LP_4,2297,401,382.9071428571449,17.457553330430997,16.669879967659767,212472192937.34515,37613916565.57266,35433118194.69045,17.702983174209738,16.676590806938744,6.339573356552024,0.7876733627712298,1.0263923672709936
LP_5,2284,337,378.76428571428795,14.754816112084063,16.583375031273555,207908563435.78568,28148652350.42843,34472948080.58111,13.53895764814054,16.58082164144642,6.361646234676007,-1.8285589191894918,-3.0418639933058795
