LP,VolumeParticipated,VolumeWon,ExpectedWinVolume,ActualVolumeWinRatio,ExpectedVolumeWinRatio,AverageRFQPanelSize,VolumePerformanceScore
LP_1,221561315467.20865,64242041678.820404,37225868125.65098,28.995152670651258,16.801609995477957,6.295321637426901,12.193542675173301
LP_2,216364015984.0129,54785472363.28284,36256768550.470406,25.320972211631958,16.75730060083069,6.32991452991453,8.563671610801268
LP_3,209850097161.57028,47153406309.494446,34643879547.43493,22.47004263866961,16.50886991048734,6.347505422993493,5.9611727281822695
LP_4,212472192937.34515,37613916565.57266,35433118194.69045,17.702983174209738,16.676590806938744,6.339573356552024,1.0263923672709936
LP_5,207908563435.78568,28148652350.42843,34472948080.58111,13.53895764814054,16.58082164144642,6.361646234676007,-3.0418639933058795
