LP,NumberOfParticipations,NumberOfWins,ActualWinRatio,ExpectedWinRatio,VolumeParticipated,VolumeWon,ExpectedWinVolume,ActualVolumeWinRatio,ExpectedVolumeWinRatio,AverageRFQPanelSize,WinPerformanceScore,VolumePerformanceScore
LP_2,202,72,35.64356435643564,16.55704856199906,3297413402.4300165,1180615581.6982486,547217002.0829012,35.804293778517376,16.59534111433015,6.371287128712871,19.08651579443658,19.208952664187226
LP_3,204,42,20.588235294117645,16.64799253034547,3338946031.5470433,672312509.6506886,555883851.8871796,20.135470992898444,16.6484826839091,6.348039215686274,3.9402427637721757,3.4869883089893428
LP_1,198,40,20.2020202020202,16.617364117364115,3243149399.7550817,673688810.1792641,540493893.5499418,20.772672706047405,16.66571060805152,6.363636363636363,3.5846560846560855,4.106962097995886
LP_5,208,35,16.826923076923077,16.536172161172168,3386742317.404778,581933836.1994523,559793686.2152694,17.182701890511158,16.528971907264353,6.365384615384615,0.29075091575090894,0.6537299832468051
LP_4,190,34,17.894736842105264,16.53508771929824,3109610964.1756763,548257796.7063609,514895991.0490789,17.631073565876047,16.558212489631227,6.394736842105263,1.3596491228070242,1.0728610762448199
