LP,NumberOfParticipations,NumberOfWins,ExpectedWins,ActualWinRatio,ExpectedWinRatio,AverageRFQPanelSize,WinPerformanceScore
LP_1,2394,676,402.24047619047934,28.23725981620718,16.802024903528796,6.295321637426901,11.435234912678386
LP_2,2340,612,390.4404761904786,26.153846153846157,16.68549043549054,6.32991452991453,9.468355718355618
LP_3,2305,509,383.5333333333361,22.0824295010846,16.639190166305255,6.347505422993493,5.443239334779346
LP_4,2297,401,382.9071428571449,17.457553330430997,16.669879967659767,6.339573356552024,0.7876733627712298
LP_5,2284,337,378.76428571428795,14.754816112084063,16.583375031273555,6.361646234676007,-1.8285589191894918
