LP,NumberOfParticipations,NumberOfWins,ActualWinRatio,ExpectedWinRatio,VolumeParticipated,VolumeWon,ExpectedWinVolume,ActualVolumeWinRatio,ExpectedVolumeWinRatio,AverageRFQPanelSize,WinPerformanceScore,VolumePerformanceScore
LP_1,879,257,29.23777019340159,16.77989056828646,145471973016.99823,42956055547.24516,24444831213.00673,29.52875021652851,16.803808119210963,6.2992036405005685,12.45787962511513,12.724942097317548
LP_2,869,216,24.856156501726122,16.772425886349936,143061481376.32437,35322837279.92644,24068299367.809696,24.690669312314355,16.823745382936334,6.304948216340621,8.083730615376187,7.8669239293780215
LP_3,835,195,23.353293413173652,16.41431422868551,137390066547.88971,31486792956.665928,22549656458.75584,22.917808941951893,16.41287250624903,6.411976047904192,6.938979184488144,6.504936435702863
LP_4,836,139,16.626794258373206,16.596035543403985,139453272244.50064,24244865250.57051,23246355897.718792,17.385655324073337,16.669638168806408,6.3624401913875595,0.030758714969220335,0.716017155266929
LP_5,816,109,13.357843137254902,16.496556956115814,135041048721.19164,17412501832.733765,22359496293.77342,12.894228827179766,16.55755528079263,6.392156862745098,-3.1387138188609125,-3.6633264536128642
LP_6,827,93,11.24546553808948,16.617723268267437,135458099358.00117,15748146173.828861,22523371535.889416,11.62584315627241,16.62755615399753,6.363966142684402,-5.372257730177957,-5.001712997725122
LP_7,840,72,8.571428571428571,16.565192743764193,138229916775.4309,11544393410.388443,22913968618.97652,8.351588194286139,16.5767072378425,6.369047619047619,-7.993764172335622,-8.22511904355636
LP_8,811,32,3.945745992601726,16.37014855263935,133342726382.62689,5243571416.158729,21853184481.587513,3.9324015328082482,16.388733809806627,6.435265104808878,-12.424402560037624,-12.45633227699838
