DecayPM1m,MinDecayPM1m,MaxDecayPM1m,Count,TotalVolume
-745.618760449096,-829.2481788609862,-829.2481788609862,1,873080.0
-578.3599236253156,-614.0301158152895,-495.21451359491044,6,105858.00000000001
-411.1010868015352,-486.99854368683407,-330.54465378923317,35,105603.99999999999
-243.84224997775476,-325.39035052536747,-163.51014230031603,91,105549.99999999999
-76.58341315397439,-160.18241950854772,4.750097376771123,611,105373.50000000001
